url,title,stock, timestamp
https://seekingalpha.com/news/3467248-microsoft-azure-netapp-files-now-available,"Microsoft Azure NetApp Files now available", MSFT, 1559068401
https://seekingalpha.com/news/3466026-willis-towers-watson-microsoft-see-quantum-change-computing-insurance-risk,"Willis Towers Watson, Microsoft see quantum change in computing insurance risk", MSFT, 1558531212
https://seekingalpha.com/news/3465899-software-strength-drives-narrow-gain-april-videogame-sales,"Software strength drives narrow gain in April videogame sales", MSFT, 1558479217
https://seekingalpha.com/news/3465052-minecraft-earth-beta-coming-summer,"'Minecraft Earth' beta coming this summer", MSFT, 1558107296
https://seekingalpha.com/news/3465035-microsoft-plans-train-15k-workers-ai,"Microsoft plans to train 15K workers in AI", MSFT, 1558103885
https://seekingalpha.com/news/3464718-sony-microsoft-team-innovation-game-entertainment-streaming-ai,"Sony, Microsoft team on innovation for game/entertainment streaming, AI", MSFT, 1558026527
https://seekingalpha.com/news/3463818-microsoft-warns-major-computer-bug,"Microsoft warns of major computer bug", MSFT, 1557907083
https://www.cnbc.com/2019/05/31/mark-cuban-why-big-name-schools-arent-always-worth-the-price.html,"Mark Cuban: 'Big name' colleges aren't always worth the priceâ€”here's why", MSFT, undefined
http://www.zacks.com/stock/news/423068/microsoft-fortfies-position-in-gaming-with-xbox-game-pass?cid=CS-SEEKAPH-FT-423068,"Microsoft Fortfies Position in Gaming With Xbox Game Pass", MSFT, undefined
http://www.zacks.com/stock/news/422488/microsofts-msft-linkedin-inks-deal-to-acquire-drawbridge?cid=CS-SEEKAPH-FT-422488,"Microsoft's (MSFT) LinkedIn Inks Deal to Acquire Drawbridge", MSFT, undefined
https://marketrealist.com/2019/05/microsoft-moves-to-keep-its-gaming-business-out-of-trouble?utm_source=seeking-alpha-headline&utm_medium=feed&utm_content=main_permalink&utm_campaign=microsoft-moves-to-keep-its-gaming-business-out-of-trouble,"Microsoft Moves To Keep Its Gaming Business Out Of Trouble", MSFT, undefined
https://marketrealist.com/2019/05/microsoft-joins-google-in-cutting-off-huawei?utm_source=seeking-alpha-headline&utm_medium=feed&utm_content=main_permalink&utm_campaign=microsoft-joins-google-in-cutting-off-huawei,"Microsoft Joins Google in Cutting Off Huawei", MSFT, undefined
https://seekingalpha.com/news/3463464-linkedin-hits-20m-listings,"LinkedIn hits 20M listings", MSFT, 1557840148
https://seekingalpha.com/news/3463438-microsoft-investing-100m-african-hubs,"Microsoft investing $100M in African hubs", MSFT, 1557838716
https://seekingalpha.com/news/3462911-slacks-prelim-q1-149_7m-billings-39_4m-loss,"Slack's prelim. Q1: $149.7M billings, $39.4M loss", MSFT, 1557751246
https://seekingalpha.com/news/3462669-barrons-names-7-dividend-picks,"Barron's names 7 dividend picks", MSFT, 1557509672
https://seekingalpha.com/news/3461815-sap-teams-amazon-google-cloud-project,"SAP teams with Amazon, Google on cloud project", MSFT, 1557408436
https://seekingalpha.com/news/3459610-microsoft-unveils-software-tools-secure-elections,"Microsoft unveils software tools to secure elections", MSFT, 1557215962
https://seekingalpha.com/news/3459186-microsoft-integrates-github-azure-build,"Microsoft integrates GitHub, Azure at Build", MSFT, 1557158571
https://seekingalpha.com/news/3458701-jpmorgan-microsoft-work-speed-enterprise-blockchain-adoption,"JPMorgan, Microsoft work to speed enterprise blockchain adoption", MSFT, 1556890221
https://seekingalpha.com/news/3455498-vmware-officially-comes-azure,"VMware officially comes to Azure", MSFT, 1556559739
https://seekingalpha.com/news/3455024-tech-sees-red-amid-data-center-woes,"Tech sees red amid data center woes", MSFT, 1556299326
https://seekingalpha.com/news/3454910-slack-reveals-401m-rev-139m-loss-listing,"Slack reveals $401M rev, $139M loss before listing", MSFT, 1556285394
https://seekingalpha.com/news/3454180-wedbush-boosts-microsoft-blowout-quarter,"Wedbush boosts Microsoft on 'blowout quarter'", MSFT, 1556194837
https://seekingalpha.com/article/4256516-microsoft-corporation-msft-ceo-satya-nadella-q3-2019-results-earnings-call-transcript,"Microsoft Corporation (MSFT) CEO Satya Nadella on Q3 2019 Results - Earnings Call Transcript", MSFT, 1556159293
https://seekingalpha.com/news/3453930-microsoft-issues-line-guidance-fiscal-q4-shares-plus-4_2-percent,"Microsoft issues in-line guidance for fiscal Q4; shares +4.2%", MSFT, 1556144781
https://seekingalpha.com/news/3453760-microsoft-beats-q1-estimates-azure-strength,"Microsoft beats Q1 estimates with Azure strength", MSFT, 1556137311
https://seekingalpha.com/filing/4453323,"Microsoft Corporation SEC Filing - Quarterly Report (10-Q) April 24, 2019", MSFT, 1556136610
https://seekingalpha.com/news/3453718-microsoft-beats-0_14-beats-revenue,"Microsoft beats by $0.14, beats on revenue", MSFT, 1556136595
https://seekingalpha.com/news/3453632-microsofts-q3-cloud-metrics-watch,"Microsoft's Q3 cloud metrics to watch", MSFT, 1556129345
https://seekingalpha.com/news/3453244-futures-dip-ahead-full-earnings-slate,"Futures dip ahead of full earnings slate", MSFT, 1556097596
https://seekingalpha.com/news/3453207-march-videogame-sales-fall-double-digits-quarter-trails-last-years,"March videogame sales fall by double digits; Quarter trails last year's", MSFT, 1556058796
https://seekingalpha.com/news/3452964-microsoft-q3-2019-earnings-preview,"Microsoft Q3 2019 Earnings Preview", MSFT, 1556055307
https://seekingalpha.com/news/3452978-laptop-makers-amd-move-nvidia-launch,"Laptop makers, AMD move on Nvidia launch", MSFT, 1556042691
https://seekingalpha.com/news/3452700-td-microsoft-digital-pact,"TD, Microsoft in digital pact", MSFT, 1556016651
https://seekingalpha.com/news/3451762-government-cloud-wars-continue,"Government cloud wars continue", MSFT, 1555579634
https://seekingalpha.com/news/3451356-microsofts-target-boosted-cloud-strength,"Microsoft's target boosted on cloud strength", MSFT, 1555500052
https://seekingalpha.com/news/3450730-discless-xbox-preorders-start-tomorrow,"Discless Xbox preorders start tomorrow?", MSFT, 1555345145
https://seekingalpha.com/news/3450703-microsoft-working-airpods-competitor-thurrott,"Microsoft working on AirPods competitor - Thurrott", MSFT, 1555341006
https://seekingalpha.com/news/3450015-microsoft-amazon-named-pentagon-cloud-finalists,"Microsoft, Amazon named Pentagon cloud finalists", MSFT, 1554993391
https://seekingalpha.com/news/3449763-pentagons-10b-cloud-contract-two-companies,"Pentagon's $10B cloud contract down to two companies", MSFT, 1554921696
https://seekingalpha.com/news/3449363-microsofts-office-365-comes-rival-slack,"Microsoft's Office 365 comes to rival Slack", MSFT, 1554823977
https://seekingalpha.com/news/3449057-microsofts-chromium-edge-opens-testing,"Microsoft's Chromium Edge opens for testing", MSFT, 1554740038
https://seekingalpha.com/news/3448765-microsoft-bundling-xbox-game-pass-live,"Microsoft bundling Xbox Game Pass, Live", MSFT, 1554479363
https://seekingalpha.com/news/3448612-spotify-joins-microsofts-xbox-game-bar,"Spotify joins Microsoft's Xbox Game Bar", MSFT, 1554412248
https://seekingalpha.com/news/3448550-microsoft-investigating-harassment-claims,"Microsoft investigating harassment claims", MSFT, 1554406582
https://seekingalpha.com/news/3447870-microsoft-store-drops-ebook-sales,"Microsoft Store drops ebook sales", MSFT, 1554230397
https://seekingalpha.com/news/3447741-shopify-minus-2_8-percent-microsoft-plans-competing-product,"Shopify -2.8% as Microsoft plans competing product", MSFT, 1554212858
https://seekingalpha.com/news/3446960-jpmorgan-posts-blockchain-jobs-financial-firm,"JPMorgan posts more blockchain jobs than any other financial firm", MSFT, 1553877554
https://seekingalpha.com/news/3445817-microsoft-hosting-surface-hub-event-april-17,"Microsoft hosting Surface Hub event April 17", MSFT, 1553623924
https://seekingalpha.com/news/3445704-marsh-brings-together-cyber-insurers-evaluate-works,"Marsh brings together cyber insurers to evaluate what works", MSFT, 1553607628
https://seekingalpha.com/news/3445688-adobe-microsoft-team-take-salesforce,"Adobe, Microsoft team to take on Salesforce", MSFT, 1553606683
https://seekingalpha.com/news/3444282-videogame-sales-return-growth-4-percent-february-gain,"Videogame sales return to growth with 4% February gain", MSFT, 1553035916
https://seekingalpha.com/news/3444138-google-announces-game-platform-offering-stadia-updated,"Google announces game-platform offering Stadia (updated)", MSFT, 1553015933
https://seekingalpha.com/news/3443714-microsoft-helps-launch-quantum-nexus,"Microsoft helps launch Quantum Nexus", MSFT, 1552930036
https://seekingalpha.com/news/3442908-microsoft-facebook-collab-co-packaged-optics,"Microsoft, Facebook collab on co-packaged optics", MSFT, 1552588367
https://seekingalpha.com/news/3442866-microsoft-rolls-game-stack,"Microsoft rolls out its Game Stack", MSFT, 1552579742
https://seekingalpha.com/news/3442718-mizuho-says-buy-microsoft-cloud-assets,"Mizuho says Buy Microsoft on cloud assets", MSFT, 1552564362
https://seekingalpha.com/news/3442397-microsoft-brings-pc-games-xbox,"Microsoft brings PC games to Xbox", MSFT, 1552497551
https://seekingalpha.com/news/3441713-microsoft-declares-0_46-dividend,"Microsoft declares $0.46 dividend", MSFT, 1552385130
https://seekingalpha.com/news/3441708-microsoft-sues-foxconn-unit-claiming-unpaid-royalties,"Microsoft sues Foxconn unit, claiming unpaid royalties", MSFT, 1552343438
https://seekingalpha.com/news/3440831-microsofts-windows-10-800m-devices,"Microsoft's Windows 10 on 800M devices", MSFT, 1551983209
https://seekingalpha.com/news/3440517-doj-holding-tech-forum-combat-scams,"DOJ holding tech forum to combat scams", MSFT, 1551910114
https://seekingalpha.com/news/3440417-microsoft-signs-solar-agreement-invenergy,"Microsoft signs solar agreement with Invenergy", MSFT, 1551903979
https://seekingalpha.com/news/3440353-microsofts-south-african-data-centers-go-online,"Microsoft's South African data centers go online", MSFT, 1551894062
https://seekingalpha.com/news/3439927-microsoft-launching-disc-less-xbox-next-month,"Microsoft launching disc-less Xbox next month?", MSFT, 1551814537
https://seekingalpha.com/news/3438592-microsoft-launches-cloud-security-product,"Microsoft launches cloud security product", MSFT, 1551369285
https://seekingalpha.com/news/3437802-volkswagen-microsoft-deepen-cloud-ties,"Volkswagen, Microsoft deepen cloud ties", MSFT, 1551278446
https://seekingalpha.com/news/3437136-microsoft-vmware-working-cloud-partnership-report,"Microsoft, VMware working on cloud partnership - report", MSFT, 1551192043
https://seekingalpha.com/news/3436581-wedbush-sees-1t-valuation-microsoft,"Wedbush sees $1T valuation for Microsoft", MSFT, 1551107451
https://seekingalpha.com/news/3436414-devices-unveiled-mobile-world-congress,"Devices unveiled at Mobile World Congress", MSFT, 1551086445
https://seekingalpha.com/news/3436192-exxon-taps-microsoft-cloud-services,"Exxon taps Microsoft for cloud services", MSFT, 1550845636
https://seekingalpha.com/news/3435168-microsoft-discovers-hack-targeting-european-democratic-institutions,"Microsoft discovers hack targeting European democratic institutions", MSFT, 1550690552
https://seekingalpha.com/news/3435079-videogame-sales-minus-19-percent-january-switch-bright-spot,"Videogame sales -19% in January, with Switch a bright spot", MSFT, 1550684488
https://seekingalpha.com/news/3434823-hedge-funds-loaded-tech-shares,"Hedge funds loaded up on tech shares", MSFT, 1550651351
https://seekingalpha.com/news/3431725-microsoft-teases-hololens-2-launch,"Microsoft teases HoloLens 2 launch", MSFT, 1549903444
https://seekingalpha.com/news/3430994-microsoft-backs-facial-recognition-legislation,"Microsoft backs facial recognition legislation", MSFT, 1549572523
https://seekingalpha.com/news/3430364-microsoft-build-starts-may-6,"Microsoft Build starts May 6", MSFT, 1549482192
https://seekingalpha.com/news/3430337-microsofts-anti-office-2019-ad-campaign,"Microsoft's anti-Office 2019 ad campaign", MSFT, 1549479294
https://seekingalpha.com/news/3429653-schumer-sanders-buyback-block-hit-big-tech,"Schumer-Sanders buyback block could hit big tech", MSFT, 1549385576
https://seekingalpha.com/news/3429593-microsoft-joins-250m-round-boring-ai,"Microsoft joins $250M round for "boring AI"", MSFT, 1549378784
https://seekingalpha.com/news/3429101-accenture-microsoft-launch-business-group,"Accenture, Microsoft launch business group", MSFT, 1549298319
https://seekingalpha.com/news/3429088-microsoft-buys-datasense-platform,"Microsoft buys DataSense platform", MSFT, 1549295461
https://seekingalpha.com/news/3429051-microsoft-launching-cross-platform-xbox-live-sdk,"Microsoft launching cross-platform Xbox Live SDK", MSFT, 1549291212
https://seekingalpha.com/news/3428268-goldman-trims-microsoft-target,"Goldman trims its Microsoft target", MSFT, 1548961116
https://seekingalpha.com/article/4236893-microsoft-corp-msft-ceo-satya-nadella-q2-2019-results-earnings-call-transcript,"Microsoft Corp (MSFT) CEO Satya Nadella on Q2 2019 Results - Earnings Call Transcript", MSFT, 1548908104
https://seekingalpha.com/news/3427901-microsoft-guides-line-q3-call,"Microsoft guides in-line Q3 on call", MSFT, 1548889639
https://seekingalpha.com/article/4236837-microsoft-corporation-2019-q2-results-earnings-call-slides,"Microsoft Corporation 2019 Q2 - Results - Earnings Call Slides", MSFT, 1548886632
https://seekingalpha.com/news/3427798-microsoft-minus-2-percent-mixed-q2-slowing-azure,"Microsoft -2% on mixed Q2, slowing Azure", MSFT, 1548883241
https://seekingalpha.com/filing/4318996,"Microsoft Corporation SEC Filing - Quarterly Report (10-Q) January 30, 2019", MSFT, 1548882596
https://seekingalpha.com/news/3427758-microsoft-beats-0_01-misses-revenue,"Microsoft beats by $0.01, misses on revenue", MSFT, 1548882405
https://seekingalpha.com/news/3427064-microsoft-q2-2019-earnings-preview,"Microsoft Q2 2019 Earnings Preview", MSFT, 1548801313
https://seekingalpha.com/news/3426085-gender-racial-bias-found-amazons-rekognition,"Gender, racial bias found in Amazon's Rekognition", MSFT, 1548428849
https://seekingalpha.com/news/3425919-pentagon-probes-amazon-jedi-contract,"Pentagon probes Amazon over JEDI contract", MSFT, 1548383744
https://seekingalpha.com/news/3425719-microsoft-acquires-open-source-software-company,"Microsoft acquires open-source software company", MSFT, 1548353531
https://seekingalpha.com/news/3425646-microsofts-bing-partially-returns-china,"Microsoft's Bing partially returns to China", MSFT, 1548343153
https://seekingalpha.com/news/3425604-microsoft-wins-albertsons-cloud-amazon-blow,"Microsoft wins Albertsons cloud in Amazon blow", MSFT, 1548339365
https://seekingalpha.com/news/3425567-microsoft-welcomes-facial-recognition-regulations,"Microsoft welcomes facial recognition regulations", MSFT, 1548336790
https://seekingalpha.com/news/3425440-ft-microsoft-bing-blocked-china,"FT: Microsoft Bing blocked by China", MSFT, 1548311079
https://seekingalpha.com/news/3424920-accessories-lead-videogame-sales-2-percent-december-gain,"Accessories lead videogame sales to 2% December gain", MSFT, 1548200639
https://seekingalpha.com/news/3424322-microsoft-focused-cortana-speakers,"Microsoft not focused on Cortana speakers", MSFT, 1547830916
https://seekingalpha.com/news/3424236-microsoft-ends-windows-10-mobile-support,"Microsoft ends Windows 10 Mobile support", MSFT, 1547820031
https://seekingalpha.com/news/3423636-microsofts-venture-fund-expands-india,"Microsoft's venture fund expands to India", MSFT, 1547672471
https://seekingalpha.com/news/3423065-walgreens-microsoft-sign-major-cloud-deal,"Walgreens, Microsoft sign major cloud deal", MSFT, 1547560728
https://seekingalpha.com/news/3422931-morgan-stanley-videogame-makers-winners-amazon-cloud-gaming,"Morgan Stanley: Videogame makers winners if Amazon does cloud gaming", MSFT, 1547507787
https://seekingalpha.com/news/3422186-microsofts-bing-suggests-illegal-content-report,"Microsoft's Bing suggests illegal content - report", MSFT, 1547150212
https://seekingalpha.com/news/3422173-report-amazon-developing-game-streaming-service,"Report: Amazon developing game-streaming service", MSFT, 1547146689
https://seekingalpha.com/news/3421810-microsoft-teams-gets-shift-worker-features,"Microsoft Teams gets shift worker features", MSFT, 1547052099
https://seekingalpha.com/news/3421027-microsoft-kroger-team-connected-stores,"Microsoft, Kroger team on connected stores", MSFT, 1546873263
https://seekingalpha.com/news/3419837-scorecard-markets-2018,"Scorecard for the markets in 2018", MSFT, 1546337524
https://seekingalpha.com/news/3419832-merck-pfizer-top-dow-2018-standings-goldman-sachs-slides-bottom,"Merck, Pfizer top Dow 2018 standings; Goldman Sachs slides to the bottom", MSFT, 1546308574
https://seekingalpha.com/news/3418694-microsoft-issues-emergency-ie-patch,"Microsoft issues emergency IE patch", MSFT, 1545343686
https://seekingalpha.com/news/3418217-mellanox-plus-4-percent-report-microsoft-acquisition-interest,"Mellanox +4% on report of Microsoft acquisition interest", MSFT, 1545234340
https://seekingalpha.com/news/3416839-blackrock-microsoft-collab-retirement-platform,"BlackRock and Microsoft collab on retirement platform", MSFT, 1544717600
https://seekingalpha.com/news/3416019-invesco-qqq-etf-qqq-november-summary,"Invesco QQQ ETF (QQQ) November Summary", MSFT, 1544539076
https://seekingalpha.com/news/3415734-u-s-stock-markets-mixed-nasdaq-edges,"U.S. stock markets mixed as Nasdaq edges up", MSFT, 1544465361
https://seekingalpha.com/news/3415673-report-zuckerberg-turns-microsofts-smith-advice,"Report: Zuckerberg turns to Microsoft's Smith for advice", MSFT, 1544457065
https://seekingalpha.com/news/3415390-market-slump-continues-amid-trade-tensions,"Market slump continues amid trade tensions", MSFT, 1544208235
https://seekingalpha.com/news/3415053-microsoft-confirms-edge-revamp-coming-mac,"Microsoft confirms Edge revamp, coming to Mac", MSFT, 1544123822
https://seekingalpha.com/article/4226532-microsoft-corp-msft-presents-barclays-global-technology-media-telecommunications-conference,"Microsoft Corp. (MSFT) Presents at Barclays Global Technology, Media and Telecommunications Conference (Transcript)", MSFT, 1544038745
https://seekingalpha.com/article/4226312-microsoft-corporation-msft-management-hosts-2018-wells-fargo-tech-summit-transcript,"Microsoft Corporation (MSFT) Management Hosts 2018 Wells Fargo Tech Summit (Transcript)", MSFT, 1543960689
https://seekingalpha.com/news/3414164-microsoft-said-ditch-edge-browser-chromium,"Microsoft said to ditch Edge browser for Chromium", MSFT, 1543916287
https://seekingalpha.com/news/3413830-microsoft-mastercard-team-identity-management,"Microsoft, Mastercard team for identity management", MSFT, 1543842813
https://seekingalpha.com/news/3413708-microsoft-overtakes-apple-valuable-u-s-company,"Microsoft overtakes Apple as most valuable U.S. company", MSFT, 1543623445
https://seekingalpha.com/news/3413660-videogame-sales-rise-24-percent-q3-summary-look,"Videogame sales rise 24% in Q3 summary look", MSFT, 1543609032
https://seekingalpha.com/news/3413272-wsj-white-house-plans-tech-exec-roundtable,"WSJ: White House plans tech exec roundtable", MSFT, 1543515704
https://seekingalpha.com/news/3413217-microsoft-surface-monitor-arrive-2020,"Microsoft Surface monitor could arrive in 2020", MSFT, 1543505997
https://seekingalpha.com/news/3413024-u-s-army-become-major-hololens-customer,"U.S. Army could become major HoloLens customer", MSFT, 1543481357
https://seekingalpha.com/article/4225251-microsoft-corporation-msft-ceo-satya-nadella-hosts-2018-annual-shareholders-meeting,"Microsoft Corporation (MSFT) CEO Satya Nadella Hosts 2018 Annual Shareholders Meeting (Transcript)", MSFT, 1543453563
https://seekingalpha.com/news/3412993-microsoft-declares-0_46-dividend,"Microsoft declares $0.46 dividend", MSFT, 1543446216
https://seekingalpha.com/news/3412598-ftc-head-promises-look-videogame-loot-boxes,"FTC head promises look at videogame 'loot boxes'", MSFT, 1543355916
https://seekingalpha.com/article/4224913-microsoft-corp-msft-presents-credit-suisse-annual-technology-media-and-telecom-conference,"Microsoft Corp. (MSFT) Presents at Credit Suisse Annual Technology, Media & Telecom Conference (Transcript)", MSFT, 1543355587
https://seekingalpha.com/news/3412267-microsoft-takes-market-cap-crown-apple,"Microsoft takes market cap crown from Apple", MSFT, 1543303708
https://seekingalpha.com/news/3411673-microsoft-google-making-chrome-work-windows-arm,"Microsoft, Google making Chrome work for Windows ARM", MSFT, 1542819779
https://seekingalpha.com/news/3411488-key-october-releases-pace-videogame-sales-record,"Key October releases pace videogame sales to record", MSFT, 1542759065
https://seekingalpha.com/news/3411381-microsoft-adds-security-key-support,"Microsoft adds security key support", MSFT, 1542742031
https://seekingalpha.com/news/3410958-microsoft-acquisition-boosts-365-virtualization,"Microsoft acquisition boosts 365 virtualization", MSFT, 1542649476
https://seekingalpha.com/news/3410513-microsoft-nintendo-loyal-e3-playstation-exits,"Microsoft, Nintendo loyal to E3 as PlayStation exits", MSFT, 1542379597
https://seekingalpha.com/news/3410222-microsoft-alliance-facebook-signals-shift-ai-approach,"Microsoft alliance with Facebook signals shift in AI approach", MSFT, 1542315472
https://seekingalpha.com/news/3409539-microsofts-new-products-tie-acquisitions,"Microsoft's new products tie to acquisitions", MSFT, 1542210490
https://seekingalpha.com/news/3409500-microsoft-acquires-ai-bot-startup,"Microsoft acquires AI bot startup", MSFT, 1542205395
https://seekingalpha.com/news/3408589-microsoft-acquires-two-rpg-game-studios,"Microsoft acquires two RPG game studios", MSFT, 1542051956
https://seekingalpha.com/news/3408204-microsoft-pays-1_3b-cash-related-github,"Microsoft pays $1.3B in cash related to GitHub", MSFT, 1541785402
https://seekingalpha.com/news/3408083-wedbush-microsoft-win-pentagon-cloud-contract,"Wedbush: Microsoft could win Pentagon cloud contract", MSFT, 1541770306
https://seekingalpha.com/news/3408058-microsoft-wins-gap-cloud-business,"Microsoft wins Gap cloud business", MSFT, 1541768721
https://seekingalpha.com/news/3407444-invesco-qqq-etf-qqq-october-summary,"Invesco QQQ ETF (QQQ) October Summary", MSFT, 1541686714
https://seekingalpha.com/news/3405970-microsofts-cortana-head-leaving,"Microsoft's Cortana head is leaving", MSFT, 1541536707
https://seekingalpha.com/news/3405888-moovit-will-bring-public-transport-data-microsoft-azure-maps,"Moovit will bring public transport data to Microsoft Azure Maps", MSFT, 1541519742
https://seekingalpha.com/news/3405181-microsoft-walmart-will-open-joint-engineering-office,"Microsoft and Walmart will open joint engineering office", MSFT, 1541432539
https://seekingalpha.com/news/3402800-xilinx-gains-microsoft-chip-order-headlines-update,"Xilinx gains on Microsoft chip order headlines (update)", MSFT, 1540927494
https://seekingalpha.com/news/3402765-microsoft-partners-nasdaq-blockchain-system,"Microsoft partners with Nasdaq on blockchain system", MSFT, 1540919173
https://seekingalpha.com/news/3401900-microsoft-second-valuable-u-s-company,"Microsoft second most valuable U.S. company", MSFT, 1540719907
https://seekingalpha.com/news/3401844-microsoft-will-keep-working-military-projects-despite-protests,"Microsoft will keep working on military projects despite protests", MSFT, 1540583388
https://seekingalpha.com/news/3401717-microsoft-completes-github-acquisition,"Microsoft completes its GitHub acquisition", MSFT, 1540561703
https://seekingalpha.com/article/4214495-microsoft-corporation-2019-q1-results-earnings-call-slides,"Microsoft Corporation 2019 Q1 - Results - Earnings Call Slides", MSFT, 1540494177
https://seekingalpha.com/news/3400918-microsoft-guides-q2-wedbush-positive,"Microsoft guides Q2; Wedbush out positive", MSFT, 1540467435
https://seekingalpha.com/news/3400736-tech-giants-seek-assurances-brexit,"Tech giants seek assurances over Brexit", MSFT, 1540451791
https://seekingalpha.com/article/4214102-microsoft-msft-q1-2019-results-earnings-call-transcript,"Microsoft (MSFT) Q1 2019 Results - Earnings Call Transcript", MSFT, 1540430723
https://seekingalpha.com/news/3400531-microsoft-plus-2_9-percent-q1-strength-cloud-surface-gaming,"Microsoft +2.9% on Q1 strength in cloud, Surface, and gaming", MSFT, 1540412459
https://seekingalpha.com/filing/4209273,"Microsoft Corporation SEC Filing - Quarterly Report (10-Q) October 24, 2018", MSFT, 1540411987
https://seekingalpha.com/news/3400480-microsoft-beats-0_20-beats-revenue,"Microsoft beats by $0.20, beats on revenue", MSFT, 1540411676
https://seekingalpha.com/news/3400438-microsoft-q1-watch,"Microsoft Q1: What to watch", MSFT, 1540406597
https://seekingalpha.com/news/3400049-accessories-drive-videogame-sales-sixth-straight-gain-september,"Accessories drive videogame sales to sixth straight gain in September", MSFT, 1540335430
https://seekingalpha.com/news/3399046-reuters-crowdstrike-considers-1h19-ipo,"Reuters: CrowdStrike considers 1H19 IPO", MSFT, 1539980521
https://seekingalpha.com/news/3399026-microsoft-will-tie-ceos-pay-linkedin-performance,"Microsoft will tie CEO's pay to LinkedIn performance", MSFT, 1539977079
https://seekingalpha.com/news/3398957-microsoft-launches-spend-app-compete-sap,"Microsoft launches Spend app that could compete with SAP", MSFT, 1539963500
https://seekingalpha.com/news/3398903-eu-approves-microsofts-github-buy,"EU approves Microsoft's GitHub buy", MSFT, 1539956143
https://seekingalpha.com/filing/4202142,"Microsoft Corporation SEC Filing - Proxy Statement (definitive) (DEF 14A) October 16, 2018", MSFT, 1539713058
https://seekingalpha.com/news/3397494-paul-allen-co-founder-microsoft-dies,"Paul Allen, co-founder of Microsoft, dies", MSFT, 1539651350
https://seekingalpha.com/news/3396935-microsoft-plus-3-percent-macquarie-upgrade,"Microsoft +3% after Macquarie upgrade", MSFT, 1539343982
https://seekingalpha.com/news/3396578-early-premarket-losers-include-sq-amzn-nflx,"Early premarket losers include SQ, AMZN, NFLX", MSFT, 1539251183
https://seekingalpha.com/news/3396460-microsoft-makes-60k-patents-open-source-linux,"Microsoft makes 60K patents open source for Linux", MSFT, 1539196995
https://seekingalpha.com/news/3396456-ibm-files-protest-pentagon-cloud-contract-one-winner,"IBM files protest against Pentagon cloud contract with one winner", MSFT, 1539195755
https://seekingalpha.com/news/3396112-report-microsoft-close-buying-rpg-game-studio-obsidian,"Report: Microsoft close to buying RPG game studio Obsidian", MSFT, 1539107969
https://seekingalpha.com/news/3396005-microsoft-expands-azure-towards-10b-pentagon-contract,"Microsoft expands Azure towards that $10B Pentagon contract", MSFT, 1539091682
https://seekingalpha.com/news/3395943-microsoft-grab-form-strategic-partnership,"Microsoft and Grab form strategic partnership", MSFT, 1539085066
https://seekingalpha.com/news/3395891-microsofts-github-deal-set-eu-approval,"Microsoft's GitHub deal set for EU approval", MSFT, 1539069137
https://seekingalpha.com/news/3395875-google-drops-race-10b-pentagon-cloud-contract,"Google drops out of race for $10B Pentagon cloud contract", MSFT, 1539033030
https://seekingalpha.com/news/3395821-linkedin-acquires-employee-engagement-firm-update,"LinkedIn acquires employee engagement firm (update)", MSFT, 1539019639
https://seekingalpha.com/news/3395763-microsoft-unveils-game-streaming-service-2019-public-trials,"Microsoft unveils game streaming service with 2019 public trials", MSFT, 1539008497
https://seekingalpha.com/news/3395742-invesco-qqq-etf-qqq-september-summary,"Invesco QQQ ETF (QQQ) September Summary", MSFT, 1539006229
https://seekingalpha.com/news/3395691-reuters-eu-will-approve-microsofts-github-buy,"Reuters: EU will approve Microsoft's GitHub buy", MSFT, 1539001311
https://seekingalpha.com/news/3395163-linkedin-competitor-raises-156m-private-funding,"LinkedIn competitor raises $156M in private funding", MSFT, 1538665475
https://seekingalpha.com/news/3394836-upwork-opens-first-day-23,"Upwork opens its first day at $23", MSFT, 1538580007
https://seekingalpha.com/news/3394613-microsoft-launches-surface-pro-6-updates,"Microsoft launches the Surface Pro 6 (updates)", MSFT, 1538512529
https://seekingalpha.com/news/3394509-microsoft-reveal-new-surface-models-today,"Microsoft could reveal new Surface models today", MSFT, 1538495391
https://seekingalpha.com/news/3394199-freelance-platform-upwork-files-ipo,"Freelance platform Upwork files for IPO", MSFT, 1538422006
https://seekingalpha.com/news/3393754-microsoft-volkswagen-collab-car-cloud-platform,"Microsoft, Volkswagen collab on in-car cloud platform", MSFT, 1538145913
https://seekingalpha.com/news/3393694-wsj-slack-prepping-ipo-early-next-year,"WSJ: Slack prepping IPO for early next year", MSFT, 1538138936
https://seekingalpha.com/news/3393495-consumer-reports-returns-recommendation-microsoft-surface-products,"Consumer Reports returns recommendation to Microsoft Surface products", MSFT, 1538063929
https://seekingalpha.com/news/3392504-microsoft-unveils-ai-focused-azure-data-box,"Microsoft unveils AI-focused Azure Data Box", MSFT, 1537809949
https://seekingalpha.com/news/3392444-microsoft-announces-new-products-partners-sap-adobe,"Microsoft announces new products, partners with SAP and Adobe", MSFT, 1537801590
https://seekingalpha.com/news/3391892-amazon-updates-dot-plus-launches-input-sub-updates,"Amazon updates Dot and Plus, launches Input and Sub (updates)", MSFT, 1537465686
https://seekingalpha.com/news/3391473-ibm-launches-bias-detection-service-ai,"IBM launches bias-detection service for AI", MSFT, 1537369018
https://seekingalpha.com/news/3391417-emarketer-amazon-will-pass-oath-microsoft-2018-digital-ad-sales,"EMarketer: Amazon will pass Oath, Microsoft in 2018 digital ad sales", MSFT, 1537362133
https://seekingalpha.com/news/3391308-hardware-accessories-pace-26-percent-jump-videogame-sales,"Hardware, accessories pace 26% jump in videogame sales", MSFT, 1537311498
https://seekingalpha.com/news/3391307-microsoft-declares-0_46-dividend,"Microsoft declares $0.46 dividend", MSFT, 1537311448
https://seekingalpha.com/news/3391240-microsoft-salesforce-launch-competing-products,"Microsoft, Salesforce launch competing products", MSFT, 1537299821
https://seekingalpha.com/news/3390591-eu-sets-approval-deadline-big-tech-deals,"EU sets approval deadline for big tech deals", MSFT, 1537179944
https://seekingalpha.com/news/3390117-microsoft-acquires-ai-startup-lobe,"Microsoft acquires AI startup Lobe", MSFT, 1536862356
https://seekingalpha.com/article/4205937-microsoft-corporation-msft-management-presents-deutsche-banks-technology-conference,"Microsoft Corporation (MSFT) Management Presents At Deutsche Bank's Technology Conference (Transcript)", MSFT, 1536802027
https://seekingalpha.com/news/3389520-study-half-videogamers-multi-platform,"Study: More than half of videogamers are multi-platform", MSFT, 1536705707
https://seekingalpha.com/news/3388815-microsoft-surface-event-scheduled-october-2,"Microsoft Surface event scheduled for October 2", MSFT, 1536340619
https://seekingalpha.com/news/3388768-invesco-qqq-etf-qqq-august-summary,"Invesco QQQ ETF (QQQ) August Summary", MSFT, 1536332594
https://seekingalpha.com/article/4204522-microsoft-corporation-msft-management-presents-citi-global-technology-conference-transcript,"Microsoft Corporation (MSFT) Management Presents at Citi Global Technology Conference (Transcript)", MSFT, 1536247388
https://seekingalpha.com/news/3388061-nvidia-minus-1_9-percent-report-microsoft-considering-huawei-chip,"Nvidia -1.9% on report that Microsoft is considering Huawei chip", MSFT, 1536168073
https://seekingalpha.com/news/3387788-pentagon-extends-deadline-jedi-cloud-contract,"Pentagon extends deadline for JEDI cloud contract", MSFT, 1536100469
https://seekingalpha.com/news/3387282-net-veteran-look-netflix-route-solve-social-media-ills,"Net veteran: Look to Netflix as route to solve social media ills", MSFT, 1535745337
https://seekingalpha.com/news/3387234-reuters-u-s-warns-chinese-espionage-campaign-linkedin,"Reuters: U.S. warns of Chinese espionage campaign on LinkedIn", MSFT, 1535732051
https://seekingalpha.com/news/3386951-microsoft-will-allow-unlimited-device-installs-office-365,"Microsoft will allow unlimited device installs in Office 365", MSFT, 1535652532
https://seekingalpha.com/news/3386893-microsoft-will-require-suppliers-offer-12-weeks-paid-leave,"Microsoft will require suppliers to offer 12 weeks paid leave", MSFT, 1535641906
https://seekingalpha.com/news/3386586-microsoft-azure-now-nvidia-gpu-cloud-support,"Microsoft Azure now has Nvidia GPU Cloud support", MSFT, 1535569606
https://seekingalpha.com/news/3386239-bucking-privacy-trends-yahoo-scanning-mail-ad-data,"Bucking privacy trends, Yahoo scanning mail for ad data", MSFT, 1535480071
https://seekingalpha.com/news/3386001-84-percent-companies-dabbling-blockchain,"84% of companies dabbling in blockchain", MSFT, 1535441659
https://seekingalpha.com/news/3385971-morgan-stanley-expects-bigger-usual-microsoft-dividend,"Morgan Stanley expects bigger-than-usual Microsoft dividend", MSFT, 1535403098
https://seekingalpha.com/news/3385879-microsoft-unveils-xbox-subscription-service,"Microsoft unveils Xbox subscription service", MSFT, 1535383813
https://seekingalpha.com/news/3385839-facing-new-rules-techs-press-federal-privacy-law,"Facing new rules, techs press for federal privacy law", MSFT, 1535378170
https://seekingalpha.com/news/3385702-facebook-microsoft-meet-dhs-fbi-election-briefing,"Facebook, Microsoft meet with DHS and FBI for election briefing", MSFT, 1535170424
https://seekingalpha.com/news/3385469-buzzfeed-major-tech-firms-gathering-discuss-election-defense-strategy,"BuzzFeed: Major tech firms gathering to discuss election defense strategy", MSFT, 1535079946
https://seekingalpha.com/news/3385428-wsj-microsoft-hit-u-s-bribery-probe-deals-hungary,"WSJ: Microsoft hit with U.S. bribery probe over deals in Hungary", MSFT, 1535056825
https://seekingalpha.com/news/3385308-report-microsoft-launching-xbox-access-hardware-plan,"Report: Microsoft launching Xbox All Access hardware plan?", MSFT, 1535040135
https://seekingalpha.com/news/3385059-videogame-sales-plus-14-percent-july-hardware-accessories-jump,"Videogame sales +14% in July as hardware, accessories jump", MSFT, 1534978115
https://seekingalpha.com/news/3384906-marketers-laud-ad-growth-prospects-instagram,"Marketers laud ad growth prospects at Instagram", MSFT, 1534951486
https://seekingalpha.com/news/3384549-israel-renew-microsoft-software-contract-citing-cost,"Israel won't renew Microsoft software contract citing cost", MSFT, 1534863704
https://seekingalpha.com/news/3384507-slack-raises-427m-7_1b-valuation,"Slack raises $427M to $7.1B valuation", MSFT, 1534859317
https://seekingalpha.com/news/3384350-microsoft-initiative-election-hackers,"Microsoft initiative against election hackers", MSFT, 1534835611
https://seekingalpha.com/news/3383234-amazon-microsoft-tie-comes-public-preview,"Amazon, Microsoft tie-up comes to public preview", MSFT, 1534358167
https://seekingalpha.com/news/3382571-wsj-microsoft-retooling-cortana-alexa-collab-launch-week,"WSJ: Microsoft retooling Cortana, Alexa collab could launch this week", MSFT, 1534259731
https://seekingalpha.com/news/3382556-jana-gets-back-facebook-discloses-stakes-alphabet-wells-fargo,"Jana gets back into Facebook; discloses stakes in Alphabet, Wells Fargo", MSFT, 1534257776
https://seekingalpha.com/news/3382037-microsoft-releases-government-cloud-product-nadella-sells-shares,"Microsoft releases government cloud product; Nadella sells shares", MSFT, 1534170523
https://seekingalpha.com/news/3381978-latest-portfolio-moves-third-point,"The latest portfolio moves by Third Point", MSFT, 1534164688
https://seekingalpha.com/news/3381765-nintendo-switch-online-come-late-september,"Nintendo Switch Online to come in late September", MSFT, 1533926719
https://seekingalpha.com/news/3380193-invesco-qqq-etf-qqq-july-summary,"Invesco QQQ ETF (QQQ) July Summary", MSFT, 1533737571
https://seekingalpha.com/news/3378434-bitcoin-coming-starbucks,"Bitcoin coming to Starbucks?", MSFT, 1533315573
https://seekingalpha.com/news/3378390-intercontinental-exchange-forms-new-company-digital-asset-ecosystem,"Intercontinental Exchange forms new company for digital asset ecosystem", MSFT, 1533309633
https://seekingalpha.com/filing/4122385,"Microsoft Corporation SEC Filing - Annual Report (10-K) August  3, 2018", MSFT, 1533308613
https://seekingalpha.com/news/3377195-videogame-sales-third-straight-month,"Videogame sales up for third straight month", MSFT, 1533164498
https://seekingalpha.com/news/3376090-information-capital-one-switches-microsoft-google-cloud-products,"The Information: Capital One switches from Microsoft to Google cloud products", MSFT, 1533061300
https://seekingalpha.com/news/3374923-opera-prices-ipo-12-share,"Opera prices IPO at $12/share", MSFT, 1532695771
https://seekingalpha.com/news/3374759-microsoft-ceo-questioned-ice-contract,"Microsoft CEO questioned about ICE contract", MSFT, 1532680027
https://seekingalpha.com/news/3374378-pentagon-requests-final-proposals-10b-cloud-contract,"Pentagon requests final proposals for $10B cloud contract", MSFT, 1532622706
https://seekingalpha.com/news/3372136-piper-jaffray-raises-microsoft-target-near-1t-market-cap,"Piper Jaffray raises its Microsoft target to near $1T market cap", MSFT, 1532112722
https://seekingalpha.com/news/3372088-microsoft-hits-time-high-earnings-strength,"Microsoft hits all-time high after earnings strength", MSFT, 1532100842
https://seekingalpha.com/news/3372006-analysts-boost-microsoft-targets-strong-earnings,"Analysts boost Microsoft targets after strong earnings", MSFT, 1532091922
https://seekingalpha.com/news/3371935-microsoft-plus-3_7-percent-upside-q1-guidance,"Microsoft +3.7% after upside Q1 guidance", MSFT, 1532085491
https://seekingalpha.com/article/4188569-microsoft-corporation-msft-ceo-satya-nadella-q4-2018-results-earnings-call-transcript,"Microsoft Corporation (MSFT) CEO Satya Nadella on Q4 2018 Results - Earnings Call Transcript", MSFT, 1532050087
https://seekingalpha.com/news/3371743-microsoft-reports-q4-beats-azure-plus-89-percent-surface-plus-35-percent,"Microsoft reports Q4 beats with Azure +89%, Surface +35%", MSFT, 1532031929
https://seekingalpha.com/news/3371718-microsoft-beats-0_05-beats-revenue,"Microsoft beats by $0.05, beats on revenue", MSFT, 1532030968
https://seekingalpha.com/news/3371143-microsoft-will-launch-new-xbox-hardware-next-month,"Microsoft will launch new Xbox hardware next month", MSFT, 1531933608
https://seekingalpha.com/news/3370515-walmart-microsoft-deepen-tech-partnership,"Walmart, Microsoft deepen tech partnership", MSFT, 1531810910
https://seekingalpha.com/news/3370035-microsoft-urges-regulation-facial-recognition,"Microsoft urges regulation of facial recognition", MSFT, 1531505652
https://seekingalpha.com/news/3369765-microsoft-teams-gets-free-version-battle-slack,"Microsoft Teams gets free version to battle Slack", MSFT, 1531420572
https://seekingalpha.com/news/3369743-microsoft-hits-new-high-800b-market-cap,"Microsoft hits new high, $800B market cap", MSFT, 1531416599
https://seekingalpha.com/news/3369703-cloud-data-warehouse-comes-azure-walmart-pressure,"Cloud data warehouse comes to Azure after Walmart pressure", MSFT, 1531409139
https://seekingalpha.com/news/3369436-pentagon-says-final-proposals-cloud-contract-coming-soon,"Pentagon says final proposals for cloud contract coming soon", MSFT, 1531337218
https://seekingalpha.com/news/3369105-cnbc-microsoft-makes-cuts-international-sales-force,"CNBC: Microsoft makes cuts to international sales force", MSFT, 1531255103
https://seekingalpha.com/news/3368787-surface-go-available-pre-order,"Surface Go available for pre-order", MSFT, 1531206622
https://seekingalpha.com/news/3368586-invesco-qqq-etf-qqq-june-summary,"Invesco QQQ ETF (QQQ) June Summary", MSFT, 1531143242
https://seekingalpha.com/news/3367574-browser-maker-opera-files-115m-us-ipo,"Browser maker Opera files for $115M US IPO", MSFT, 1530557403
https://seekingalpha.com/news/3367233-microsoft-discusses-pocketable-surface-device-leaked-email,"Microsoft discusses "pocketable" Surface device in leaked email", MSFT, 1530293771
https://seekingalpha.com/news/3366965-linkedin-leans-azure-new-translation-feature,"LinkedIn leans on Azure for new translation feature", MSFT, 1530211219
https://seekingalpha.com/news/3366653-microsoft-launches-two-new-regions-china,"Microsoft launches two new regions in China", MSFT, 1530126898
https://seekingalpha.com/news/3366052-atlantic-equities-sees-microsoft-azure-topping-100b-revenue-10-years,"Atlantic Equities sees Microsoft Azure topping $100B in revenue in 10 years", MSFT, 1529942306
https://seekingalpha.com/news/3365731-eu-votes-tougher-copyright-rules,"EU votes for tougher copyright rules", MSFT, 1529656765
https://seekingalpha.com/news/3365636-videogame-sales-2nd-month-hardware-driving,"Videogame sales up for 2nd month with hardware driving", MSFT, 1529604439
https://seekingalpha.com/news/3365286-microsoft-acquires-machine-learning-startup-autonomous-systems,"Microsoft acquires machine learning startup for autonomous systems", MSFT, 1529515498
https://seekingalpha.com/news/3365220-microsoft-announces-two-datacenter-regions-norway-equinor-agreement,"Microsoft announces two datacenter regions in Norway, Equinor agreement", MSFT, 1529504008
https://seekingalpha.com/news/3364721-microsoft-releases-statement-border-separations-ice-protests,"Microsoft releases statement on border separations after ICE protests", MSFT, 1529354161
https://seekingalpha.com/news/3364592-microsoft-acquires-video-sharing-platform-education,"Microsoft acquires video sharing platform for education", MSFT, 1529332957
https://seekingalpha.com/news/3363803-microsoft-declares-0_42-dividend,"Microsoft declares $0.42 dividend", MSFT, 1528959186
https://seekingalpha.com/news/3363813-microsoft-takes-aim-amazon-go,"Microsoft takes aim at Amazon Go", MSFT, 1528956543
https://seekingalpha.com/news/3363405-microsoft-plans-xbox-2020-hololens-2019-surface-products-year,"Microsoft plans Xbox for 2020, HoloLens for 2019, and Surface products this year", MSFT, 1528828713
https://seekingalpha.com/news/3363166-baird-restates-bullish-videogame-take-cusp-e3,"Baird restates bullish videogame take on cusp of E3", MSFT, 1528753670
https://seekingalpha.com/news/3363102-cnbc-microsoft-working-ai-chips-azure,"CNBC: Microsoft is working on AI chips for Azure", MSFT, 1528746450
https://seekingalpha.com/news/3362951-microsoft-acquires-four-gaming-studios-boost-xbox-titles,"Microsoft acquires four gaming studios to boost Xbox titles", MSFT, 1528722414
https://seekingalpha.com/news/3362085-invesco-qqq-etf-qqq-may-summary,"Invesco QQQ ETF (QQQ) May Summary", MSFT, 1528297804
https://seekingalpha.com/news/3361824-microsoft-launches-initiative-hire-women-reentering-workforce,"Microsoft launches initiative to hire women reentering the workforce", MSFT, 1528224964
https://seekingalpha.com/news/3361779-cnbc-google-talks-github-buy-microsoft-won,"CNBC: Google was in talks for GitHub buy but Microsoft won out", MSFT, 1528215426
https://seekingalpha.com/news/3361706-sap-unveils-new-bundled-product-announces-acquisition,"SAP unveils new bundled product, announces acquisition", MSFT, 1528205784
https://seekingalpha.com/article/4179368-microsoft-corporation-msft-ceo-satya-nadella-github-acquisition-call-transcript,"Microsoft Corporation (MSFT) CEO Satya Nadella On GitHub Acquisition Call (Transcript)", MSFT, 1528179785
https://seekingalpha.com/article/4179274-microsoft-msft-acquires-github-7_5b-slideshow,"Microsoft (MSFT) Acquires GitHub for $7.5B - Slideshow", MSFT, 1528135723
https://seekingalpha.com/news/3361382-invesco-qqq-trust-etf-qqq-may-summary,"Invesco QQQ Trust ETF (QQQ) May Summary", MSFT, 1528121405
https://seekingalpha.com/news/3361368-microsoft-acquires-github-7_5b,"Microsoft acquires GitHub for $7.5B", MSFT, 1528119416
https://seekingalpha.com/news/3361311-bloomberg-microsoft-announce-github-acquisition-today,"Bloomberg: Microsoft could announce GitHub acquisition today", MSFT, 1528112674
https://seekingalpha.com/news/3361267-data-sharing-deals-plague-facebook,"Data sharing deals plague Facebook", MSFT, 1528093655
https://seekingalpha.com/news/3361183-business-insider-microsoft-talks-acquire-github,"Business Insider: Microsoft in talks to acquire GitHub", MSFT, 1527878231
https://seekingalpha.com/news/3361178-vmware-plans-expand-microsoft-google-cloud-platforms,"VMware plans to expand to Microsoft, Google cloud platforms", MSFT, 1527876842
https://seekingalpha.com/news/3360951-microsoft-research-brain-implants,"Microsoft research on brain implants", MSFT, 1527840667
https://seekingalpha.com/news/3360880-pentagon-indefinitely-delays-cloud-contract-amid-tech-co-concerns,"Pentagon indefinitely delays cloud contract amid tech co. concerns", MSFT, 1527802484
https://seekingalpha.com/news/3360395-mapping-startup-partners-microsoft-intel-softbank,"Mapping startup partners with Microsoft, Intel, and SoftBank", MSFT, 1527699248
https://seekingalpha.com/news/3360153-microsoft-tops-alphabets-market-cap,"Microsoft tops Alphabet's market cap", MSFT, 1527662096
https://seekingalpha.com/news/3358767-videogame-sales-rise-18-percent-april-broad-gains-sony-scores,"Videogame sales rise 18% in April with broad gains as Sony scores", MSFT, 1527030894
https://seekingalpha.com/news/3358129-microsoft-dips-conversational-ai,"Microsoft dips further into 'conversational AI'", MSFT, 1526898828
https://seekingalpha.com/news/3357660-microsoft-set-unveil-xbox-adaptive-controller,"Microsoft set to unveil Xbox Adaptive Controller", MSFT, 1526567241
https://seekingalpha.com/news/3357479-morgan-stanley-selects-30-stocks-three-year-sideways-market,"Morgan Stanley selects 30 stocks for a three-year sideways market", MSFT, 1526512394
https://seekingalpha.com/news/3357345-frances-macron-meeting-tech-leaders-may-23,"France's Macron meeting with tech leaders May 23", MSFT, 1526486175
https://seekingalpha.com/news/3357200-bloomberg-microsoft-plans-lower-cost-surface-tablets-battle-apple,"Bloomberg: Microsoft plans lower-cost Surface tablets to battle Apple", MSFT, 1526474051
https://seekingalpha.com/news/3357057-corvex-adds-servicenow-exits-comcast-q1,"Corvex adds ServiceNow, exits Comcast in Q1", MSFT, 1526418598
https://seekingalpha.com/news/3356964-top-portfolio-adds-drops-3g-capital,"Top portfolio adds and drops at 3G Capital", MSFT, 1526415510
https://seekingalpha.com/news/3356824-microsoft-announces-surface-hub-2,"Microsoft announces Surface Hub 2", MSFT, 1526396387
https://seekingalpha.com/news/3356469-pentagon-explains-single-winner-cloud-contract,"Pentagon explains single winner for cloud contract", MSFT, 1526331672
https://seekingalpha.com/news/3355000-dot-announces-drone-project-winners,"DoT announces drone project winners", MSFT, 1525935025
https://seekingalpha.com/news/3353827-analyst-suggests-microsoft-will-buy-netflix-content-access,"Analyst suggests Microsoft will buy Netflix for content access", MSFT, 1525791714
https://seekingalpha.com/news/3353249-microsoft-build-2018-dji-partners-hololens-layout-ai-models-update,"Microsoft Build 2018: DJI partners, HoloLens Layout, AI models (update)", MSFT, 1525710933
https://seekingalpha.com/news/3353238-microsoft-ceo-reveals-cloud-advantage-cortana-gets-easier-developers,"Microsoft CEO reveals cloud advantage; Cortana gets easier for developers", MSFT, 1525708350
https://seekingalpha.com/news/3353041-2018-berkshire-hathaway-annual-meeting-updates,"2018 Berkshire Hathaway annual meeting updates", MSFT, 1525521347
https://seekingalpha.com/news/3352930-carbon-black-plus-30-percent-public-debut,"Carbon Black +30% on public debut", MSFT, 1525448281
https://seekingalpha.com/news/3351571-microsoft-apple-talks-lift-bans-uae,"Microsoft and Apple in talks to lift bans in UAE", MSFT, 1525287702
https://seekingalpha.com/news/3351413-powershares-qqq-trust-etf-qqq-april-summary,"PowerShares QQQ Trust ETF (QQQ) April Summary", MSFT, 1525266261
https://seekingalpha.com/news/3350202-cyren-signs-contract-expansion-microsoft-shares-plus-5_9-percent,"Cyren signs contract expansion with Microsoft; shares +5.9%", MSFT, 1525090055
https://seekingalpha.com/news/3350015-analyst-upgrades-microsoft-raises-target-17-percent-upside,"Analyst upgrades Microsoft, raises target to 17% upside", MSFT, 1524856211
https://seekingalpha.com/article/4166977-microsoft-corporation-2018-q3-results-earnings-call-slides,"Microsoft Corporation 2018 Q3 - Results - Earnings Call Slides", MSFT, 1524852899
https://seekingalpha.com/news/3349866-smartsheet-prices-ipo-15-prior-range,"Smartsheet prices IPO at $15, above prior range", MSFT, 1524833734
https://seekingalpha.com/news/3349792-microsoft-issues-upside-guidance-receives-analyst-upgrade-shares-plus-3_9-percent,"Microsoft issues upside guidance, receives analyst upgrade; shares +3.9%", MSFT, 1524828487
https://seekingalpha.com/article/4166696-microsoft-msft-q3-2018-results-earnings-call-transcript,"Microsoft (MSFT) Q3 2018 Results - Earnings Call Transcript", MSFT, 1524794448
https://seekingalpha.com/news/3349589-microsoft-beats-q3-estimates-reports-azure-office-365-strength,"Microsoft beats Q3 estimates; reports Azure, Office 365 strength", MSFT, 1524775335
https://seekingalpha.com/filing/3989508,"Microsoft Corporation SEC Filing - Quarterly Report (10-Q) April 26, 2018", MSFT, 1524773421
https://seekingalpha.com/news/3349461-microsoft-beats-0_10-beats-revenue,"Microsoft beats by $0.10, beats on revenue", MSFT, 1524773227
https://seekingalpha.com/news/3348569-notable-earnings-thursday-s-close,"Notable earnings after Thursday%u2019s close", MSFT, 1524692121
https://seekingalpha.com/news/3348282-videogame-sales-fall-back-11-percent-far-cry-5-posts-strong-launch,"Videogame sales fall back 11%; 'Far Cry 5' posts strong launch", MSFT, 1524613370